{"cameraMode":{"drawMode":0,"name":"Shaded","section":"Shading Mode"},"sceneLighting":false,"audioPlay":false,"sceneViewState":{"m_AlwaysRefresh":false,"showFog":true,"showSkybox":false,"showFlares":true,"showImageEffects":true,"showParticleSystems":true,"showVisualEffectGraphs":true,"m_FxEnabled":true},"in2DMode":false,"pivot":{"x":-2.7048659324645998,"y":18.39120101928711,"z":-1.3654956817626954},"rotation":{"x":-0.002272936748340726,"y":0.9956158995628357,"z":-0.09015840291976929,"w":-0.02509467676281929},"size":19.034488677978517,"orthographic":false}