{"cameraMode":{"drawMode":0,"name":"Shaded","section":"Shading Mode"},"sceneLighting":false,"audioPlay":false,"sceneViewState":{"m_AlwaysRefresh":false,"showFog":true,"showSkybox":false,"showFlares":true,"showImageEffects":true,"showParticleSystems":true,"showVisualEffectGraphs":true,"m_FxEnabled":true},"in2DMode":false,"pivot":{"x":768.3179931640625,"y":137.20181274414063,"z":18.744964599609376},"rotation":{"x":-0.1973714530467987,"y":0.10361089557409287,"z":-0.020986294373869897,"w":-0.9746171236038208},"size":143.3278045654297,"orthographic":false}